iter	Passed	Remaining
0	1503	1502176
1	2835	1414842
2	4369	1452127
3	6133	1527240
4	7816	1555540
5	9730	1611995
6	11653	1653185
7	13299	1649156
8	14781	1627605
9	16266	1610416
10	17586	1581204
11	18820	1549517
12	20244	1537049
13	21703	1528556
14	23346	1533057
15	24949	1534424
16	28901	1671195
17	35798	1953002
18	42272	2182606
19	49117	2406737
20	59112	2755747
21	64339	2860166
22	70367	2989091
23	71904	2924135
24	73089	2850491
25	74278	2782602
26	75557	2722864
27	76770	2665043
28	77982	2611072
29	79189	2560447
30	80383	2512631
31	81654	2470044
32	82854	2427881
33	84049	2387984
34	85242	2350266
35	86449	2314922
36	87733	2283436
37	88990	2252873
38	90195	2222498
39	91378	2193075
40	92578	2165425
41	93774	2138947
42	94995	2114205
43	96200	2090169
44	97419	2067462
45	98617	2045248
46	99890	2025435
47	101382	2010746
48	102931	1997709
49	104364	1982928
50	105653	1965990
51	113206	2063840
52	117789	2104650
53	123721	2167417
54	130686	2245429
55	138278	2330982
56	146523	2424068
57	148127	2405796
58	149399	2382801
59	150832	2363046
60	152545	2348205
61	153934	2328877
62	155262	2309225
63	157965	2310240
64	165741	2384120
65	167165	2365649
66	168511	2346590
67	169850	2327946
68	171199	2309954
69	172661	2293928
70	174003	2276748
71	175261	2258932
72	176629	2242947
73	178173	2229580
74	179574	2214752
75	180973	2200253
76	182415	2186613
77	183843	2173120
78	185175	2158817
79	186522	2145003
80	187897	2131828
81	189286	2119083
82	190752	2107468
83	191979	2093494
84	193417	2082086
85	194917	2071569
86	196244	2059442
87	197468	2046487
88	198714	2034029
89	200168	2023922
90	201512	2012913
91	202986	2003391
92	204348	1992950
93	205652	1982138
94	206913	1971124
95	208373	1962180
96	209715	1952302
97	211127	1943233
98	212641	1935256
99	214140	1927262
100	215741	1920316
101	217225	1912438
102	218637	1904058
103	220055	1895861
104	221494	1887978
105	222866	1879650
106	224335	1872257
107	225853	1865382
108	227182	1857061
109	228502	1848793
110	229830	1840715
111	231414	1834789
112	232753	1827009
113	234134	1819675
114	235649	1813475
115	237171	1807412
116	238626	1800919
117	240164	1795127
118	241467	1787672
119	242874	1781080
120	244348	1775057
121	245734	1768482
122	247194	1762519
123	248539	1755808
124	250041	1750292
125	251579	1745085
126	252900	1738440
127	254200	1731738
128	255687	1726385
129	257264	1721693
130	258649	1715775
131	260040	1709966
132	261455	1704376
133	262841	1698662
134	264071	1692012
135	265389	1686002
136	266704	1680045
137	268006	1674069
138	269592	1669921
139	271005	1664747
140	272361	1659279
141	274551	1658911
142	279840	1677083
143	284487	1691122
144	289803	1708839
145	297195	1738392
146	304110	1764666
147	310255	1786068
148	314848	1798226
149	319572	1810912
150	327012	1838630
151	333947	1863075
152	340257	1883647
153	341812	1877749
154	343175	1870859
155	344452	1863577
156	345793	1856713
157	347355	1851098
158	348874	1845304
159	350320	1839181
160	351579	1832143
161	352856	1825271
162	354136	1818479
163	355486	1812113
164	357037	1806827
165	358447	1800876
166	359906	1795222
167	361234	1788972
168	362594	1782933
169	364085	1777591
170	365453	1771700
171	366873	1766110
172	368126	1759772
173	369348	1753344
174	370751	1747828
175	372137	1742282
176	373555	1736925
177	374952	1731520
178	376606	1727338
179	378090	1722413
180	379489	1717136
181	380841	1711694
182	382124	1705987
183	383407	1700330
184	384772	1695080
185	386276	1690477
186	387789	1685952
187	389261	1681276
188	390714	1676558
189	392263	1672279
190	393885	1668342
191	395191	1663097
192	396429	1657611
193	397943	1653310
194	399395	1648786
195	400890	1644468
196	402366	1640101
197	403864	1635857
198	405062	1630426
199	406356	1625427
200	407539	1620018
201	408772	1614855
202	410100	1610097
203	411508	1605688
204	412734	1600605
205	413952	1595527
206	415316	1591043
207	416574	1586186
208	417827	1581348
209	419185	1576936
210	420453	1572216
211	421736	1567588
212	423103	1563297
213	424573	1559414
214	425805	1554684
215	427152	1550407
216	428348	1545607
217	429574	1540951
218	430763	1536192
219	431959	1531492
220	433296	1527320
221	434781	1523695
222	436139	1519641
223	437519	1515693
224	438931	1511875
225	440400	1508275
226	441834	1504572
227	443350	1501169
228	444701	1497225
229	446028	1493227
230	447702	1490404
231	449052	1486519
232	450349	1482480
233	451813	1479013
234	453082	1474926
235	454554	1471524
236	455898	1467724
237	457388	1464412
238	458859	1461055
239	460316	1457668
240	461630	1453849
241	463088	1450500
242	464512	1447062
243	465798	1443212
244	467154	1439598
245	468656	1436451
246	470074	1433060
247	471455	1429576
248	472920	1426357
249	474868	1424606
250	476656	1422374
251	478262	1419604
252	479653	1416210
253	481191	1413262
254	482620	1410008
255	484117	1406965
256	485758	1404351
257	487357	1401625
258	488733	1398268
259	490460	1395927
260	491969	1392971
261	493211	1389274
262	494564	1385909
263	495834	1382326
264	497298	1379300
265	498761	1376282
266	500151	1373074
267	501497	1369761
268	502912	1366650
269	504435	1363844
270	505911	1360920
271	507289	1357746
272	508689	1354641
273	510038	1351416
274	511446	1348359
275	512988	1345666
276	514494	1342887
277	516325	1340959
278	517990	1338606
279	519570	1336038
280	525210	1343866
281	528179	1344797
282	531110	1345605
283	533931	1346108
284	537769	1349141
285	540678	1349806
286	543729	1350797
287	546786	1351777
288	552068	1358202
289	556686	1362923
290	561412	1367839
291	567774	1376658
292	571898	1379974
293	575916	1382983
294	581575	1389866
295	591061	1405767
296	598026	1415529
297	601513	1416988
298	604228	1416602
299	609501	1422170
300	621158	1442490
301	626092	1447062
302	634807	1460266
303	641281	1468197
304	649115	1479132
305	654317	1483975
306	661591	1493429
307	664997	1494084
308	668630	1495222
309	674801	1501976
310	681336	1509455
311	687026	1514981
312	696656	1529082
313	703394	1536714
314	708220	1540097
315	713638	1544710
316	717791	1546534
317	723221	1551060
318	727315	1552670
319	732989	1557603
320	736446	1557778
321	741554	1561410
322	748021	1567834
323	752036	1569063
324	756155	1570476
325	763764	1579072
326	769179	1583051
327	774417	1586611
328	779886	1590589
329	783118	1589968
330	786818	1590275
331	790748	1591025
332	794225	1590836
333	799228	1593671
334	804199	1596395
335	807417	1595609
336	815101	1603597
337	820322	1606666
338	825447	1609500
339	829940	1611060
340	834222	1612178
341	837869	1612041
342	844527	1617652
343	849347	1619686
344	855326	1623881
345	860024	1625596
346	867982	1633408
347	875513	1640330
348	880032	1641550
349	884953	1643484
350	894682	1654270
351	905811	1667516
352	909517	1667019
353	915985	1671543
354	917937	1667801
355	919234	1662885
356	920715	1658319
357	922195	1653768
358	923718	1649314
359	925152	1644715
360	926511	1640002
361	927993	1635525
362	929462	1631039
363	930824	1626385
364	932141	1621670
365	933400	1616874
366	934732	1612221
367	936434	1608223
368	938009	1604021
369	939612	1599880
370	941181	1595695
371	942824	1591650
372	946876	1591666
373	952061	1593556
374	959225	1598708
375	964330	1600378
376	969362	1601891
377	974473	1603499
378	979320	1604638
379	985950	1608656
380	991398	1610698
381	997490	1613740
382	1004008	1617423
383	1010253	1620615
384	1016800	1624239
385	1023267	1627684
386	1029309	1630404
387	1038135	1637470
388	1045121	1641566
389	1051784	1645099
390	1057810	1647587
391	1067719	1656054
392	1076077	1662033
393	1080097	1661266
394	1081444	1656389
395	1082782	1651517
396	1084062	1646573
397	1085491	1641874
398	1086797	1637005
399	1088154	1632231
400	1089653	1627686
401	1090999	1622929
402	1092443	1618334
403	1093796	1613620
404	1095089	1608835
405	1096520	1604268
406	1097996	1599783
407	1099507	1595363
408	1101951	1592306
409	1105918	1591444
410	1110477	1591413
411	1113412	1589045
412	1116530	1586933
413	1122003	1588150
414	1124949	1585772
415	1127350	1582627
416	1132824	1583781
417	1135416	1580890
418	1138197	1578264
419	1147654	1584855
420	1156801	1590945
421	1159759	1588485
422	1167675	1592787
423	1171527	1591508
424	1176174	1591295
425	1181706	1592252
426	1186990	1592847
427	1191701	1592648
428	1197701	1594142
429	1201725	1592984
430	1206097	1592272
431	1210333	1591364
432	1216476	1592937
433	1219353	1590216
434	1222732	1588147
435	1227394	1587730
436	1232498	1587863
437	1237163	1587410
438	1240218	1584880
439	1246056	1585890
440	1251645	1586552
441	1257500	1587523
442	1262203	1587013
443	1269000	1589109
444	1275832	1591206
445	1281374	1591662
446	1284244	1588785
447	1289567	1588931
448	1295888	1590277
449	1300014	1588906
450	1303093	1586248
451	1310002	1588232
452	1314396	1587141
453	1320175	1587700
454	1323207	1584940
455	1325868	1581737
456	1328770	1578823
457	1331454	1575651
458	1334599	1573024
459	1338732	1571555
460	1343660	1571004
461	1347794	1569509
462	1356740	1573584
463	1359995	1571029
464	1363039	1568228
465	1366975	1566448
466	1372121	1566040
467	1375294	1563369
468	1378180	1560370
469	1381418	1557769
470	1384757	1555279
471	1394092	1559492
472	1398286	1557921
473	1401186	1554902
474	1404759	1552628
475	1407888	1549859
476	1411089	1547168
477	1416539	1546932
478	1419575	1544047
479	1423372	1541986
480	1427808	1540608
481	1430593	1537442
482	1433245	1534136
483	1435653	1530572
484	1438559	1527542
485	1441156	1524185
486	1446926	1524175
487	1451733	1523130
488	1457144	1522700
489	1463020	1522735
490	1468900	1522750
491	1474249	1522192
492	1481085	1523144
493	1487400	1523531
494	1492702	1522857
495	1497940	1522100
496	1504630	1522795
497	1510617	1522750
498	1518762	1524849
499	1531702	1531702
500	1540879	1534728
501	1549398	1537052
502	1554810	1536264
503	1562670	1537866
504	1567665	1536622
505	1576375	1538991
506	1585252	1541478
507	1594841	1544610
508	1604822	1548070
509	1612892	1549642
510	1620964	1551177
511	1626985	1550720
512	1630268	1547642
513	1634063	1545048
514	1638180	1542752
515	1639462	1537790
516	1640652	1532756
517	1641835	1527731
518	1643056	1522755
519	1644316	1517830
520	1645524	1512872
521	1646768	1507960
522	1648031	1503080
523	1649329	1498246
524	1650518	1493325
525	1651906	1488600
526	1653172	1483777
527	1654799	1479290
528	1656364	1474759
529	1658075	1470369
530	1661299	1467324
531	1666466	1465989
532	1673270	1466073
533	1681675	1467529
534	1684941	1464481
535	1687862	1461135
536	1691903	1458754
537	1695958	1456380
538	1699363	1453444
539	1702133	1449965
540	1705268	1446799
541	1711168	1445968
542	1715611	1443894
543	1720045	1441802
544	1723121	1438569
545	1729823	1438351
546	1733372	1435498
547	1739891	1435092
548	1743874	1432581
549	1746478	1428936
550	1748137	1424525
551	1749984	1420277
552	1752090	1416246
553	1758084	1415353
554	1763590	1414050
555	1770818	1414106
556	1777739	1413893
557	1786024	1414736
558	1794362	1415587
559	1803889	1417341
560	1813178	1418868
561	1821904	1419918
562	1829915	1420378
563	1839410	1421955
564	1849107	1423648
565	1858788	1425290
566	1868478	1426898
567	1878679	1428855
568	1888615	1430568
569	1898522	1432218
570	1905537	1431655
571	1913442	1431736
572	1920423	1431101
573	1927127	1430237
574	1933928	1429425
575	1940484	1428412
576	1947196	1427493
577	1953076	1425948
578	1960359	1425408
579	1968419	1425406
580	1975001	1424312
581	1982922	1424161
582	1990711	1423887
583	1998319	1423460
584	2006577	1423469
585	2016064	1424318
586	2025397	1425024
587	2034666	1425650
588	2043561	1425982
589	2050426	1424872
590	2058033	1424256
591	2066136	1423959
592	2075236	1424319
593	2084380	1424677
594	2093462	1424962
595	2102404	1425119
596	2111722	1425501
597	2121009	1425828
598	2129635	1425682
599	2137989	1425326
600	2143205	1422860
601	2149062	1420808
602	2155213	1418938
603	2161685	1417263
604	2168348	1415698
605	2175864	1414670
606	2181207	1412215
607	2188976	1411313
608	2195511	1409597
609	2203756	1408958
610	2212492	1408608
611	2218561	1406538
612	2226042	1405348
613	2233863	1404350
614	2241115	1402974
615	2249082	1402025
616	2258330	1401848
617	2267424	1401547
618	2276101	1400960
619	2284328	1400072
620	2291986	1398813
621	2300280	1397919
622	2309593	1397619
623	2320327	1398146
624	2330721	1398433
625	2340753	1398469
626	2349269	1397571
627	2355673	1395398
628	2362929	1393715
629	2362929	1393715
630	2366696	1386207
631	2369597	1381952
632	2373226	1378123
633	2376040	1373824
634	2380204	1370307
635	2388184	1368974
636	2390295	1364272
637	2392222	1359473
638	2394181	1354701
639	2395816	1349755
640	2398538	1345430
641	2401617	1341309
642	2407156	1338558
643	2412431	1335653
644	2419099	1333509
645	2422560	1329591
646	2425667	1325481
647	2428148	1321032
648	2432739	1317733
649	2438193	1314896
650	2443038	1311723
651	2446540	1307827
652	2449495	1303642
653	2453913	1300236
654	2461004	1298236
655	2464299	1294227
656	2468276	1290577
657	2472700	1287159
658	2478812	1284612
659	2482935	1281028
660	2488237	1278049
661	2492647	1274606
662	2497260	1271263
663	2503127	1268553
664	2507596	1265127
665	2511991	1261661
666	2517639	1258819
667	2520257	1254461
668	2522705	1250023
669	2526284	1246149
670	2529213	1241957
671	2531726	1237565
672	2535975	1234023
673	2540884	1230799
674	2548318	1228788
675	2555556	1226666
676	2557078	1221799
677	2558183	1216743
678	2559336	1211721
679	2560544	1206736
680	2561695	1201736
681	2562763	1196709
682	2563851	1191702
683	2564973	1186722
684	2566105	1181759
685	2567248	1176811
686	2568585	1171963
687	2569971	1167148
688	2571374	1162351
689	2572701	1157529
690	2574109	1152753
691	2575497	1147978
692	2576848	1143197
693	2578193	1138423
694	2579602	1133686
695	2581013	1128961
696	2582401	1124235
697	2583761	1119506
698	2585100	1114778
699	2586471	1110073
700	2587872	1105391
701	2589363	1100756
702	2590731	1096078
703	2592053	1091391
704	2593379	1086714
705	2594877	1082119
706	2596374	1077532
707	2597920	1072974
708	2599422	1068406
709	2600925	1063848
710	2602428	1059298
711	2604196	1054864
712	2605769	1050359
713	2607425	1045895
714	2608927	1041378
715	2610553	1036919
716	2612479	1032586
717	2614353	1028239
718	2616165	1023875
719	2617922	1019497
720	2619541	1015072
721	2621038	1010608
722	2622363	1006086
723	2623603	1001541
724	2624809	996992
725	2626072	992474
726	2627657	988086
727	2629231	983701
728	2630711	979289
729	2632632	975048
730	2634380	970751
731	2636201	966486
732	2637939	962199
733	2639964	958022
734	2641844	953799
735	2643712	949578
736	2645549	945352
737	2647461	941159
738	2649413	936987
739	2651408	932836
740	2653283	928649
741	2655026	924422
742	2656914	920252
743	2658875	916113
744	2660802	911968
745	2662762	907841
746	2664385	903605
747	2666009	899376
748	2667770	895201
749	2669349	890971
750	2670920	886745
751	2672439	882509
752	2674218	878366
753	2675891	874195
754	2677485	870005
755	2679037	865808
756	2680634	861632
757	2682163	857442
758	2683696	853259
759	2685258	849093
760	2686927	844968
761	2688549	840834
762	2690111	836688
763	2691682	832551
764	2693223	828412
765	2694860	824310
766	2696517	820219
767	2698045	816097
768	2699601	811989
769	2701137	807882
770	2702752	803805
771	2704286	799711
772	2705854	795633
773	2707523	791591
774	2709059	787517
775	2710660	783468
776	2712193	779406
777	2713748	775356
778	2715450	771355
779	2717076	767338
780	2718688	763324
781	2720301	759315
782	2721973	755330
783	2723548	751323
784	2725099	747316
785	2726770	743348
786	2728368	739367
787	2729965	735390
788	2731620	731436
789	2733203	727468
790	2734826	723517
791	2736428	719566
792	2738158	715655
793	2739767	711717
794	2741365	707783
795	2743012	703867
796	2744620	699947
797	2746230	696033
798	2747849	692127
799	2749853	688323
800	2751796	684509
801	2753629	680672
802	2754947	676714
803	2756427	672801
804	2758273	668984
805	2759959	665133
806	2761666	661292
807	2763656	657524
808	2765728	653779
809	2767613	649995
810	2769467	646209
811	2771703	642515
812	2773862	638808
813	2775588	635005
814	2777493	631248
815	2779337	627482
816	2781174	623719
817	2783032	619965
818	2785142	616272
819	2787591	612657
820	2789571	608943
821	2791615	605246
822	2793563	601533
823	2795828	597892
824	2797904	594215
825	2799766	590496
826	2801508	586756
827	2803245	583020
828	2804991	579291
829	2806765	575573
830	2808564	571864
831	2810842	568256
832	2812908	564610
833	2814961	560964
834	2817119	557343
835	2819235	553718
836	2821272	550080
837	2823301	546445
838	2825276	542803
839	2827058	539129
840	2828885	535467
841	2830658	531800
842	2832434	528138
843	2834498	524533
844	2836639	520946
845	2838409	517296
846	2840207	513654
847	2841934	510004
848	2843699	506366
849	2845387	502718
850	2846946	499052
851	2848566	495402
852	2850092	491741
853	2851663	488092
854	2853291	484458
855	2854948	480833
856	2856464	477189
857	2858110	473572
858	2859639	469940
859	2861168	466313
860	2862778	462704
861	2864641	459141
862	2866225	455536
863	2867848	451943
864	2869374	448339
865	2870998	444755
866	2872595	441172
867	2874176	437590
868	2875701	434005
869	2877343	430442
870	2879098	426900
871	2880722	423343
872	2882252	419777
873	2883846	416225
874	2885433	412676
875	2887000	409129
876	2888536	405582
877	2890135	402048
878	2891729	398518
879	2893307	394990
880	2894908	391470
881	2896561	387961
882	2898128	384445
883	2899755	380941
884	2901335	377436
885	2902972	373942
886	2904528	370442
887	2906394	366985
888	2908063	363507
889	2909658	360025
890	2911278	356549
891	2913339	353132
892	2915332	349709
893	2917009	346252
894	2918729	342803
895	2920412	339355
896	2921993	335898
897	2923577	332446
898	2925122	328994
899	2926790	325560
900	2928684	322155
901	2930487	318743
902	2932142	315319
903	2933953	311915
904	2935788	308517
905	2937652	305126
906	2939462	301732
907	2941265	298342
908	2943109	294959
909	2944633	291547
910	2946368	288161
911	2948166	284784
912	2949853	281400
913	2951512	278017
914	2953249	274645
915	2954847	271264
916	2956581	267899
917	2958290	264536
918	2959981	261174
919	2961720	257821
920	2963547	254478
921	2965460	251146
922	2967451	247824
923	2969244	244488
924	2971050	241156
925	2973088	237847
926	2975157	234542
927	2977464	231259
928	2979457	227954
929	2981438	224650
930	2983299	221341
931	2985309	218046
932	2987304	214752
933	2989247	211458
934	2991154	208163
935	2993109	204875
936	2995082	201592
937	2996928	198302
938	2998852	195021
939	3000760	191741
940	3002579	188459
941	3004200	185168
942	3006029	181893
943	3008007	178630
944	3009648	175350
945	3011289	172073
946	3013183	168814
947	3014947	165551
948	3016920	162302
949	3019062	159065
950	3021240	155832
951	3022993	152580
952	3024857	149336
953	3026686	146093
954	3029013	142877
955	3031325	139663
956	3033828	136458
957	3036331	133255
958	3038868	130055
959	3041355	126855
960	3043795	123654
961	3045863	120439
962	3047791	117222
963	3049802	114011
964	3051998	110809
965	3054518	107620
966	3056756	104423
967	3059017	101229
968	3061492	98043
969	3063757	94853
970	3065906	91661
971	3067943	88467
972	3070195	85283
973	3072448	82100
974	3074542	78915
975	3076564	75730
976	3078761	72552
977	3080879	69374
978	3083002	66199
979	3084965	63022
980	3087090	59851
981	3089234	56683
982	3091587	53520
983	3093765	50356
984	3095860	47193
985	3097939	44031
986	3100296	40876
987	3102484	37720
988	3104476	34564
989	3106719	31412
990	3108660	28260
991	3110787	25112
992	3112888	21965
993	3115047	18822
994	3116952	15678
995	3118925	12538
996	3121021	9400
997	3123297	6265
998	3125571	3131
999	3127930	0
